Title,Description,Link
DOTABUFF - Dota 2 Statistics,Dotabuff is the leading statistics and community website for Dota 2.,https://www.dotabuff.com/
MV-82: VEHICLE REGISTRATION/TITLE APPLICATION (PDF),If YES - Complete sections 1-4 of this form. Note: If this vehicle is a pick-up truck that is never used for commercial purposes and does not have.,https://dmv.ny.gov/forms/mv82.pdf
BR-KLASSIK: Die ganze Welt der Klassischen Musik | BR ...,"Musik, Nachrichten und Geschichten rund um Klassik, Jazz, Filmmusik und Weltmusik – wir bei BR-KLASSIK lieben Musik. Und diese Liebe möchten wir mit Ihnen ...",https://www.br-klassik.de/index.html
Wisconsin Title & License Plate Application,"License Plate Fee. Regular passenger vehicle plates are for automobiles, vans with more space for seating people than carrying property, and jeep-type or ...",https://wisconsindot.gov/Documents/formdocs/mv1.pdf
Cognitive Distortions,"Cognitive distortions are irrational thoughts that shape how you see the world, how you feel, and how you act. It's normal to have these thoughts ...",https://www.therapistaid.com/worksheets/cognitive-distortions
Medicare Income-Related Monthly Adjustment Amount,"If you had a major life-changing event and your income has gone down, you may use this form to request a reduction in your income-related monthly adjustment ...",https://www.ssa.gov/forms/ssa-44.pdf
PIERRE ANTOINE BETZU SR.,"BrokerCheck offers information on all current, and many former, registered securities brokers, and all current and former registered securities firms.",https://files.brokercheck.finra.org/individual/individual_1030764.pdf
Přenos dat ze starého zařízení do nového: Průvodce krok ...,Co můžete pomocí aplikace přenést: 1 ). ▫ Kontakty. ▫ Kalendáře. ▫ Zprávy. ▫ Poznámky. ▫ Hlasové poznámky. ▫ Fotografie a videa. ▫ Hudbu. ▫ Nastavení budíku.,https://www.t-mobile.cz/dcpublic/Prenos_dat_mezi_zarizenimi.pdf
Antrag auf Kinderzuschlag (KiZ 1),"Den Antrag auf Kinderzuschlag können Sie vollständig elektronisch stellen, also OHNE Ausdruck und händische Unterschrift. Verwenden Sie hierfür.",https://www.arbeitsagentur.de/datei/kiz1-antrag_ba036540.pdf
arXiv:2103.14030v2 [cs.CV] 17 Aug 2021,"This paper presents a new vision Transformer, called. Swin Transformer, that capably serves as a general-purpose.",https://arxiv.org/pdf/2103.14030
